判定,No.,カテゴリ,会社,掲載日,問題,解答,,
,1,藤原社長のタウンホールミーティング,OGC,2025/4/9,"新規事業の継続や撤退を検討・判断する際に重要なポイントとは、個々人がどこまで［①］を持ち、諦めずにやりきれるかということである。
大切にしている経営軸やマインドは［②］であり、リスクを事前にどう把握するか、顕在化した際にどうカバーするかを考えた上で、チャレンジすることが大切である。
トラブル発生において、まずは［③］が第一であり、［④］の経営として、中長期的なことを進めながら、既存事業をしっかり行うことが重要である。その上で、新規事業を始めなかでは、リスクマネジメントを行い、ダメージコントロールを行うことが決断の決め手になる。","①情熱
②新しいことにチャレンジすること
③安全・人命
④両利き
",,DGG
,2,藤原社長のタウンホールミーティング,OGUD,2025/3/12,"OGUDは首都圏に限らず様々な分野で業容を拡大しており、中核会社でも初めて利益が［①］億超えた会社として、引き続き業容を拡大・成長することを期待している。
OGUDは新築時のガス機器の普及促進やエネルギー獲得に取り組むことで、生活関連産業としてシナジーを発揮してくれている。また、分譲マンションでハイエンドなガス設備や［②］を導入するなどにより業界をひっぱて貰い、環境貢献や競争力強化で貢献して欲しい。また、OGUDは暮らし全体やユーザーニーズ、ライフスタイルを把握している思うので、グループ会社へフィードバックすることを期待している。","①100
②ZEH（ネットゼロエネルギーハウス）
→住まいの断熱性能や省エネ性能を向上するとともに、太陽光発電などで必要なエネルギーを作り出すことで、年間の一次エネルギー事業消費量（空調・給湯・正面・換気）を概ねゼロ以下にする住宅",,OGNW
,3,藤原社長のタウンホールミーティング,オージス総研,2025/1/14,"DaigasXについて、業務とシステムの両方を理解している人が少ないことが課題のため、個人の［①］を向上させ、業務をITで効率化できるか判断すさせるよう教育することが重要。　
［②］できる風土を作っていきたいし、仕事を通じて［③］を果たしてほしい。","①ITリテラシー
②チャレンジ
③自己実現",,OGM
,4,藤原社長のタウンホールミーティング,オージス総研,2025/1/14,"空気が汚い要因の代表的なものとして、［①］などがある。日本は規制が厳しいため、インドより空気が綺麗である。Daigasグループは、インドで［②］の供給をすることで、大気汚染問題に大きく貢献している。また、［③］なででも［④］の普及を進めている。天然ガスはCo2排出量も［⑤］と比べ半分程度になる。アジアではまず［④］の普及を進めることが重要。
Daigasグループにとってアジアは、［⑥］の確保、［⑦］の拡大、人材確保の観点から非常に重要。","①硫黄酸化物、窒素酸化物、粉塵
②天然ガス自動車
③マレーシア、タイ
④天然ガス
⑤石炭
⑥LNG
⑦マーケット",,DGE
,5,藤原社長のタウンホールミーティング,DGE,2024/11/28,エンジニアとして普遍的に大切にしてほしいことは、［①］なインフラを作らなければ、お客様からの信頼を失うことを肝に銘じてほしい。営業活動が複雑になっていくなかでも、新しいアイデアや大胆な発想で「Daigasグループの［②］」として次のステージへ登ってくれることを期待している。,"①安全・安心
②成長のエンジン",,OGC
,6,藤原社長のタウンホールミーティング,Daigas P&S,2024/10/11,"中間世代の皆様も若い人から新しいことを吸収して、［①］を心がけてほしい。
［②］や［③］など、過去にはなかった事業務手がけ、海外で仕事をする機械も増えている。また、［④］や［⑤］、［⑥］でのメタネーションなども続きます。新しい技術も取り入れながら、専門性も磨いてほしい。","①必死のコミュニケーション
②バイオマス発電
③洋上風力発電
④万博
⑤長岡
⑥北米",,OGUD
,7,藤原社長のタウンホールミーティング,OGNW,2024/10/2,最大のブランドは［①］だと考える。［②］私たちの一丁目一番地です。［③］を発揮して部門の壁を超えて保安確保のために真摯に考えてくれることを期待している。,"①安全
②保安
③おせっかい・いちびり",,オージス総研
,8,藤原社長のタウンホールミーティング,OGM,2024/8/23,一番大事にしていることは［①］ことであると思う。,①逃げない,,Daigas P&S
