判定,No.,カテゴリ,掲載日,タイトル,問題,解答,
,1,経営,2024/4/1,"カーボンニュートラル推進統括メッセージ
?新中期経営計画2026におけるカーボンニュートラルの位置付けについて?","24/4/1付にてカーボンニュートラル推進統括に就任：坂梨　興
テーマ：中期経営計画2023の振り返りと中期経営計画2026に対する考え

・中期経営計画2023の振り返り＝重点戦略として掲げた未来価値の共創、企業ステージ向上がまさに実現されたと実感！
→2021年にカーボンニュートラルビジョンの発信
：メタネーションを軸とする［①］や、再生可能エネルギー導入による［②］を通じ、2050年にカーボンニュートラルを目指すことを宣言
→2021年3月 ［③］
：2023年度末の目標として、［④］を設定し、SOECメタネーションなどのカーボンニュートラルに貢献する技術開発を進める
→2023年1月　［⑤］を対外公表
：［⑥］など、2030年に向けたトランジションの道筋を示した
→2023年11月　目標の250万kwを早期達成し、2023年末には300万kwに達する見込み
→e-メタン導入：国内外の［⑦］を立ち上げ、社会実装に向けた準備が進む
→技術開発：SOCEメタネーションが［⑧］され、［⑨］が大阪・関西万博で実証を行うことが決まる等、多様な選択肢を具体化

・中期経営計画2026＝2024-26年を2030年のカーボンニュートラル化の加速に向けた基盤構築する期間として、「⑩」と位置付け！
→チャレンジングな目標を設定
：再エネ普及貢献量［11］や、e-メタンの［12］を目指す

・皆さんに期待すること
①それぞれの業務において、中長期的に目指す姿を明確化しよう
②Daigasグループの持つリソースを活かし、付加価値を最大化することを考え続けよう
③未来をつくるために必要な実力を着実に身につけよう
→これらを意識するすることで、「今日の安心をまもり、未来の日常をつくる」ことを挑み続き、新たなソリューションの創造・カーボンニュートラル化の社会実装に取り組んでいきたい","①都市ガス原料の脱炭素
②電源の脱炭素化
③中期経営計画2023 Creating Value for a Sustainable Future
④再生可能エネルギー普及貢献量250万kw
⑤エネルギートランジション2023
⑥e-メタンの2030年1%導入
⑦大規模製造プロジェクト
⑧グリーンイノベーション基金に選定
⑨バイオメタネーション
⑩志を体現し、未来に橋を架ける（＝Connecting Ambitious Dreams）=CAD2026
11. 400万kw
12. サプライチェーンプロジェクトの最終投資判断
13. 未来に橋を架ける",
,2,経営,2024/4/1,技術統括メッセージ?技術を通じて未来を作ろう?,"24/4/1付にてカ技術統括に就任：坂梨　興
テーマ：技術を通じて「未来の日常」の創造にチャレンジしていただく皆さんへの期待

◯低・脱炭素社会の実現に向けた取り組みの推進
［①］：化石燃料からの脱却が合意され、より気候変動への対応が求められる
→我々の対応① 「②」への重点的な取り組み
：メタネーション技術の開発（新潟県長岡市での実証実験を行うプラント建設（INPEX合同）、万博でのe-メタン実証に向けた舞洲清掃工場での実証実験プラント移設）、SOCEメタネーション（ベンチスケール試験機の建設）
→我々の対応② トランジション期における天然ガスが担う役割の確保（「今日の安心」）

◯成長に向けた体制強化
4月にて技術関連組織の変更
→ガス製造・発電・エンジニアリング部から［③］の独立させて事業部化
→イノベーション本部と新規事業開発部を［④］として集約","①COP28
②ガス体エネルギーのカーボンニュートラル化
③電力事業部
④事業創造本部",
,3,経営,2024/4/1,リスク管理統括就任にあたって,"24/4/1付にてリスク管理統括に就任：坂梨　興
テーマ：不確実性の高い環境下での事業領域拡大のために

・CAD2026の中でガバナンス体制強化の一環として
→［①］や［②］の新設を掲げ、Daigasグループのリスクを包括的に管理していくことを宣言
→グループ共通規程として「③」を新たに制定し、経営が関与すべき重要リスクについても選定

・しかし、体制やルールを設けただけでリスクに対する備えが万全にはならない
ex.災害リスク、コンプライアンスリスク、為替等の市場リスク、脱炭素等の環境リスク、人口減少やお客様意識の変化等の需要変動
　  等、リスクは多岐に及ぶ
→これらに対応するには、一人一人の気づきと心がけが重要！","①リスク管理委員会
②リスク管理統括
③リスク管理規程",
,4,経営,2024/4/2,"松原事故30年にあたって
?お客さま・仲間・自身の安全を第一に、保安を創る?","1994/4/2 大阪府松原市でガス漏れ修繕工事時に爆発事故が発生し、当時１歳のお子様が亡くなり、6名が負傷した痛ましい事故が発生した。
当時は、ガス漏れ修繕工事の際でも、お客様を避難させずに修繕していた。
しかし、松原事故以降は、ご迷惑であってもお客様の安全を最優先にするとの考えに改まり、
［①］からなる「②」が定められた。

エネルギー事業者としての使命・責任は、お客様の安心・安全の確保とエネルギーの安定供給であるが、
大前提は「お客さまはもちろん、我々の仲間、自分自身の安全を第一とする」ことである。","①避難誘導、ガス遮断、着火防止
②保安三原則",
,5,経営,2024/6/1,"夏季保安点検活動の実施にあたって
?「安心・安全、安定供給」のために保安の地力を高め続ける?","「安心・安全、安定供給」は私たち事業の根幹であり、私たちの「一丁目一番地」
「①」と「②」の視点で「保安の地力を高める」取り組みになっているかを点検すること","①人
②組織",
,6,経営,2024/6/5,"環境月間メッセージ
?今日の自然を、未来にも?","2024年1月　世界経済フォーラム（WEF）より「今後10年のグルーバルリスク」が発信されたが、トップ10のうち内5つが環境関連であった
→異常気象や気候の転換点、生物多様性の喪失や天然資源不足、大気や土壌、水の汚染等
→私たちの生活やビジネスは自然資本により成り立っており、自然の恩恵なしに継続的な事業は成り立たない

・Daigasグループの自然保護の取り組み
：［①］を運用し、事業活動での環境負荷低減や環境法令の遵守の徹底を図る
：Daigasグループ環境方針に基づき、自らの事業における環境負荷を低減する目標（②）を定め、取り組みを進める。
　ex.３R推進（産業廃棄物や一般廃棄物、ガスメーター・PE管の再資源化を進める。ガス道管工事ではFK推進）
　また、環境目標も中期経営計画に合わせ、2024年度から更新し、「③」を取り入れる","①環境マネジメントシステム（EMS）
②環境目標
③水質汚染の防止",
,7,経営,2024/8/1,"コンプライアンスの重要性再確認月間
ESG推進統括メッセージ
?相談は、遅れず　隠さず　ためらわず?","「風通しの良い職場とは何か？」を考える
＝職場内の円滑なコミュニケーションが重要

信頼・敬意・配慮をもって他者と接する
2024年度のコンプライアンス標語の最優秀賞となった「相談は、遅れず 隠さず ためらわず」を体現する「風通しのよい職場」づくりに向けて、グループ全員が努めていきましょう。",,
,8,経営,2024/10/1,"技術統括メッセージ
?2024年度下期を迎えるにあたって?","メッセージ：不確実性が増している事業環境で、先進的な技術開発により社会課題に取り組み、「①」私たちの活動を着実に進めていかなければならない。

・今日の安心をまもる活動
エネルギーの不安定化・自然災害の甚大化
→エネルギーの安定供給と災害に強い機器やエネルギーシステムの普及
ex.エネファームの累計販売台数20万台到達（4月）

・未来の日常を作る活動
ex.ガス体エネルギーのカーボンニュートラル化に向けて、国プロとして進めている長岡でのサバティエメタネーション実証プラント建設、バイオガスを活用したメタネーションは舞洲での実証実験を終え大阪万博開場への移設、SOECメタネーション要素技術開発のスケールアップ、水素サプライチェーンの構築に向けた取り組み（400kWガスエンジンコジェネシステムでの水素混焼率30％での実証運転試験の成功）、バイオものづくり（化石資源を原料とした製造プロセスからの代替）

・10月：カーボンニュートラルリサーチハブが開設３周年
・中期ローリング議論の開始",①今日の安心を守り、未来の日常をつくる,
,9,経営,2024/11/1,"冬季保安点検活動の実施にあたって
?現場点検の肝を意識した点検で保安強化を図る?","12/1から2/28までの冬季保安点検活動の思い

１夏季保安点検活動の振り返り
夏季保安点検活動の視点：「人」と「組織」の視点で保安の地力を高める取り組みになっているか？

２冬期の活動として特にお願いしたいこと
実際の業務や現場作業において「1人ひとりが肝となるポイントを把握しているか」、「その背景（意味・目的）を理解しているか」、そして「確実に実施できているか」、現場・現物・現実に焦点を当てた点検を実施し、保安強化に繋げる。
また、それらの肝となるルールなどが、実施する人にとって納得感があるかという視点で気になる点があれば見直しする。

☆「安心・安全、安定供給」",,
,10,経営,2025/1/17,"阪神・淡路大震災から30年を迎えて
?経験からの学びと新たな学びで災害への備えを?","1995/1/17：阪神淡路大震災、6000人以上死亡・60万棟以上の建物被害

◯30年でハード面・ソフト面で様々な地震対策をしてきた
・ガス道管の耐震化率約［①］％
・マイコンメーター普及率約［②］％、機器にも地震に対する安全機能を搭載
・東日本大震災後は津波対策も行う
・［③］を定め、全社訓練や各社におけるキーパーソン訓練なども継続的に実施し、震災復旧の技能伝承に努める

「今日の安心をまもり、未来の日常をつくる」という志を胸に、引き続き「災害への備え」を着実に実施していきましょう！","①90
②100
③災害対策要員",
,11,経営,2025/3/31,"ESG統括メッセージ
?コンプライアンスの徹底について?","大阪ガスマーケティング株式会社において、［①］が判明し、公表した。
この行為は、［②］に該当しうるものであり、重大なコンプライアンス違反

Daigasグループの「サービス第一」の社是と大きく反する行為、信頼を一瞬にして失う行為
→真心を尽くしてお客様や社会に役立つことに全力で努めてまいりましょう","①お客様にエネファームを提案するために光熱費シュミレーションを実施する際、光熱費低減メリットを誤認させるような資料提示を行なっていたこと
②景品表示法に基づく不当表示",
,12,経営,2025/4/1,"カーボンニュートラル推進統括メッセージ
?エネルギートランジション2025の実現に向けて?","4/1付でカーボンニュートラル推進統括に就任：須藤治

◯第7次エネルギー基本計画の振り返り
ロシアによるウクライナ侵攻や中東情勢の緊迫化などを受けた［①］の要請の高まりや、DXの進展による［②］を踏まえ、気候変動対策としての［③］を一体化させる方向性が打ち出されている。
特に、電化が困難な［④］において、［⑤］に加え、水素等の［⑥］した対策を進めていくこととされている。
このようなカーボンニュートラル実現にはさらなる［⑦］だが、2040年時点で技術開発が進展しない［⑧］され、LNG長期契約の確保など、［⑨］もうたわれる。
化石燃料の中でも温室効果ガスの排出が最も少ないため、燃料転換を通じて［⑩］が進むことで、環境負荷低減に寄与することも示された。
昨年5月には［11］が成立し、水素・アンモニア・e-メタンなどの［12］と定義される［13］の位置付けが明確化する中、国が［14］を協力に支援することも示された。

◯エネルギートランジション2050のポイント
このような中、Daigasグループとしても、タイムリーにET2050を策定・公表
今回のET2050のポイントは３つ
（１）2040年までのシナリオを含む2050年までのロードマップ
第7次エネルギー基本計画の議論も踏まえ、今回、ET2050では2040年までのシナリオや［15］が１つ目のポイントである。
CO2削減ロードマップでは、国が想定する［16］に整合する［17］を検討し、特に国がカーボンニュートラルを実現する［18］における当社の2040年の想定数値として、
CO2排出量削減［19］、CO2排出削減貢献量［20］、再エネ普及貢献量［21］、ガスCN化率［22］
という４つの数値をお示しした。
（２）お客様に合わせた多様なエネルギー選択肢の提供
２つ目のポイントはお客様に合わせた［23］を示した点であり、
［24］
の３つの取り組みをしっかり進めるということ。
特にその中でも［25］の社会実装と再生可能エネルギーの普及拡大がカーボンニュートラル化のキーポイントとなると考える。
特にe-メタンの利用拡大は、世の中のCO2削減に繋げることができるため、Daigasグループはこの［26］による社会全体のCO2排出削減を重要戦略の１つと位置づけ、［27］を積極的に推進することを示した。
（３）お客様と一緒に共創するミライ価値に繋がるソリューション
３つ目のポイントは当社が掲げるお客様と一緒に［28］していくための具体的なソリューションを、
［29］
の４つのカテゴリーで具体的に示したことである。
エネルギー会社として、供給するエネルギーそのものをカーボンニュートラル化するのみでなく、
利用するお客様がご利用しやすい形でソリューションとして提案することを重要と考える。

ET2050では改めてDaigasグループの［30］として、
「安全性を大前提として、厳冬・酷暑や自然災害でもエネルギー供給を停止させない供給安定性を最も重要視しつつ時代によって変化するお客様のニーズに合わせて環境性・経済性の様々な選択肢をお客様にご提案する」ということを示した。
この原則を大事にしつつ、皆様と一体となって社会課題を解決するための新しいCNのミライ価値を共創することで、お客様のウェルビーイングな暮らしの実現やサステイナブルなビジネスの進化を目指していくこととなる。","①エネルギー安全保障
②電力需要増加
③エネルギー構造転換と産業政策
④Hard to Abate産業
⑤天然ガスへの燃料転換
⑥CCUSなどを活用
⑦イノベーションが不可欠
⑧リスクケースも想定
⑨エネルギー安定供給の確保に万全を期す重要性
⑩天然ガスシフト
11.水素社会推進法
12.水素等
13.次世代エネルギー
14.低炭素水素等の大規模サプライチェーンの構築

15.2050年までのロードマップを具体化したこと
16.革新技術拡大シナリオ、技術進展シナリオ
17.複数シナリオ
18.革新技術拡大シナリオ
19.1000万トン
20.1500万トン
21.1000万KW
22.40％
23.多様なエネルギーの選択
24.熱エネルギー、電気エネルギー、ネガティブエミッション
25.e-メタン
26.e-メタンの普及
27.e-メタンの製造や技術開発
28.ミライ価値を共創
29.業工用、家庭用、運輸用、地域共創
30.エネルギー供給基本方針","ET2050リンクを見ることで詳しくわかります
ぜひ見てください"
,13,経営,2025/4/1,"保安統括就任にあたって
?現場・現物・現実を正しく捉え、人と組織で対応力を高め続けよう?","4/1付で保安統括に就任：坂梨　興

「安心・安全、安定供給」は私たちの事業の根幹＝一丁目一番地
→取り組みを具体的に考え、実行していくにあたり、「肝」となる視点の１つは、［①］を正しく捉えること

ガス工事現場にて土砂崩れの発生による死亡者の発生",①現場・現物・現実,
,14,経営,2025/4/1,"技術統括メッセージ
?挑戦により未来を切り開く?","竹森

2025年度：創業120周年

◯2024年度振り返り
・e-メタン技術開発の着実な進化：SOECメタネーションの技術開発はラボスケールで目標を上回る効率を確認、食品残渣由来のバイオガス中のCO2とグリーン水素を反応させてe-メタンを作る取り組みは万博での実証準備が整う
・アンモニアを0-100%混焼できるバーナ専用ノズルの開発
・再生可能エネルギーの導入に不可欠な蓄電池のマネジメント技術や劣化診断・寿命予測技術の開発
・AIを用いたカーボンクレジットの品質評価
・産業用冷凍機をデマンドレスポンス制御するエネルギーマネジメント等に活用する取り組み
・スマホ動画からガス配管竣工図を自動作成するシステムの現場導入
・事業創造活動として天然水素や次世代太陽熱の開発を手がけるスタートアップへの出資

◯2025年度での取り組み
・万博でのメタネーション実証「化けるLABO」では、万博会場内で発生する生ゴミや大気由来のC02を利用してe-メタンを作る
・長岡でのサバティエメタネーションの実証は、今年度建設工事を完了し、運転を開始予定
・SOECメタネーションでは、ラボスケールからe-メタンの製造能力が約100倍となる一般家庭約200戸相当のベンチスケール試験等を行う第２フェーズへ移行
・秋に新研究開発拠点が竣工

Daigasグループ中期経営計画2026「今日の安心を守り、未来の日常を作る」ための、弛まぬ技術開発をしていく。",,
,15,経営,2025/4/1,リスク管理統括就任にあたって,"今井

・先日、Daigasグループにおける重大なコンプライアンス違反があったことを忘れてはならない。

・持続的な成長のために挑戦を続けるが、一方でリスクは数多く潜んでいることを忘れてはならない。",,
,16,,2025/5/30,夏期保安点検活動の実施にあたって ～現場・現物・現実に焦点を当てた点検で保安の実践力を高める～,"坂梨
今年3月、ガス導管工事の現場で非常に痛ましい労災事故がありました。
掘削溝内で土砂が崩れ落ち、現場におられた作業員の方が亡くなられました。
被災された方は、数か月前に工事に関する見習い資格を取得され、積極的に現場業務を学ばれていました。現場では自らできることを考え、率先して行動されるなど、非常に前向きな姿勢で仕事に取り組まれていたと伺っています。このような痛ましい事故は絶対に繰り返してはいけません。
保安行動4か条①、②、③、④","①ルール遵守
②確実な伝達
③再確認
④不測時の中断",
,17,,2025/6/5,環境月間メッセージ 「直線から循環へ──資源の使い方を見つめ直す」,"毎年6月は「環境月間」と定められ、環境について考える機会として位置づけられています。
、環境負荷の低減と資源の有効活用を両立させる「資源循環」の視点も、万博で取り上げられている展示テーマの一つに位置付けられます。当社では、会場内で発生する生ごみ由来のバイオガスとグリーン水素からe-メタンを製造し、迎賓館の厨房などで利用する実証事業に取り組んでいます。また、ガスパビリオンでは、当社が出資するSPACECOOL株式会社 が開発した放射冷却素材「SPACECOOL?」が、建物の外装に使用されており、会期終了後には再び活用されることが予定されています。さらに、このパビリオンでは、建築資材として再利用を前提としたリース部材が用いられるなど、使用後に廃棄物を出さず再利用できるよう工夫されています。こうした取り組みは、限られた資源の使い方について、あらためて考えるきっかけを与えてくれます。
当社においても「Daigasグループ環境目標  」の中で、ガスメーターの再利用（リユース）や、ポリエチレン管やお客さま先・事業活動での使用済み機器などの再資源化（リサイクル）により、使用済み資源を循環的に活用する取り組みを進めています。さらに、廃棄物の削減（リデュース）にも取り組むことで、不要な排出を未然に防ぐことにも注力しています。こうした3Rそれぞれの役割に応じた形で資源循環の実現を目指しています。
廃材や資材の再活用、使用済み製品の回収や再資源化といった3Rに加えて、再生可能な資源の活用（リニューアブル）といった取り組みが進められています。また、欧州では資源を効率的に循環させながら経済成長を目指す「サーキュラーエコノミー（循環経済）」に関する法制化が行われるなど、国レベルでの制度づくりも進みつつあります。
",,
,18,,,,,,
,19,,,,,,
,20,,,,,,
,21,,,,,,
,22,,,,,,
,23,,,,,,
,24,,,,,,
,25,,,,,,
,26,,,,,,
,27,,,,,,
,28,,,,,,
,29,,,,,,
,30,,,,,,
,31,,,,,,
,32,,,,,,
,33,,,,,,
,34,,,,,,
,35,,,,,,
,36,,,,,,
,37,,,,,,
,38,,,,,,
,39,,,,,,
,40,,,,,,
,41,,,,,,
,42,,,,,,
,43,,,,,,
,44,,,,,,
,45,,,,,,
,46,,,,,,
,47,,,,,,
,48,,,,,,
,49,,,,,,
,50,,,,,,
,51,,,,,,
,52,,,,,,
,53,,,,,,
,54,,,,,,
,55,,,,,,
,56,,,,,,
,57,,,,,,
,58,,,,,,
,59,,,,,,
,60,,,,,,
,61,,,,,,
,62,,,,,,
,63,,,,,,
,64,,,,,,
,65,,,,,,
,66,,,,,,
,67,,,,,,
,68,,,,,,
,69,,,,,,
,70,,,,,,
,71,,,,,,
,72,,,,,,
,73,,,,,,
,74,,,,,,
,75,,,,,,
,76,,,,,,
,77,,,,,,
,78,,,,,,
,79,,,,,,
,80,,,,,,
,81,,,,,,
,82,,,,,,
,83,,,,,,
,84,,,,,,
,85,,,,,,
,86,,,,,,
,87,,,,,,
,88,,,,,,
,89,,,,,,
,90,,,,,,
,91,,,,,,
,92,,,,,,
,93,,,,,,
,94,,,,,,
,95,,,,,,
,96,,,,,,
,97,,,,,,
,98,,,,,,
,99,,,,,,
,100,,,,,,
,101,,,,,,
,102,,,,,,
,103,,,,,,
,104,,,,,,
,105,,,,,,
,106,,,,,,
,107,,,,,,
,108,,,,,,
,109,,,,,,
,110,,,,,,
,111,,,,,,
,112,,,,,,
,113,,,,,,
,114,,,,,,
,115,,,,,,
,116,,,,,,
,117,,,,,,
,118,,,,,,
,119,,,,,,
,120,,,,,,
,121,,,,,,
,122,,,,,,
,123,,,,,,
,124,,,,,,
,125,,,,,,
,126,,,,,,
,127,,,,,,
,128,,,,,,
,129,,,,,,
,130,,,,,,
,131,,,,,,
,132,,,,,,
,133,,,,,,
,134,,,,,,
,135,,,,,,
,136,,,,,,
,137,,,,,,
,138,,,,,,
,139,,,,,,
,140,,,,,,
,141,,,,,,
,142,,,,,,
,143,,,,,,
,144,,,,,,
,145,,,,,,
,146,,,,,,
,147,,,,,,
,148,,,,,,
,149,,,,,,
,150,,,,,,
,151,,,,,,
,152,,,,,,
,153,,,,,,
,154,,,,,,
,155,,,,,,
,156,,,,,,
,157,,,,,,
,158,,,,,,
,159,,,,,,
,160,,,,,,
