No,テーマ,問題,解答,備考
①,企業理念,"グループの目指す姿：①と②の“③”のお役に立つ企業グループ

グループの宣言：Daigasグループは、4つの価値創造を実現します。「④価値」の創造を第一に、これを「⑤価値」「⑥価値」「⑦価値」の創造につなげます。

グループ社是：⑧","①暮らし
②ビジネス
③さらなる進化
④お客さま
⑤社会
⑥株主さま
⑦従業員
⑧サービス第一",
②,企業行動憲章,"憲章Ⅰ ①の創造
憲章Ⅱ ②との調和と③への貢献
憲章Ⅲ ④とのコミュニケーションと④貢献
憲章Ⅳ ⑤の尊重
憲章Ⅴ⑥の推進
憲章Ⅵ ⑦を目指した企業経営","① お客さま価値の創造
②環境との調和と③持続可能な社会への貢献
④社会とのコミュニケーションと社会貢献
⑤人権の尊重
⑥コンプライアンスの推進
⑦人間成長を目指した企業経営",
③,企業行動基準,"企業行動基準
１. ①の尊重
２. 安心して働ける②づくり
３. ③などの遵守
４. ④のけじめ
５. 各国・地域の法令の遵守、人権に関するものを含む各種の⑤の尊重
６. ⑥への配慮
","①人権
②職場
③法令
④公私
⑤国際規範
⑥環境保全
",
,,"７. ⑦法関係法令の遵守および公正な取引の実施
８. 商品・サービスの⑧
９. 商品・サービスの⑨の確保
10. ⑩への応対
11. ⑪とのコミュニケーション、⑪貢献
12. ⑫との交際
","⑦独占禁止
⑧提供
⑨安全性
⑩お客さま
⑪社会
⑫関係先・取引先
",
,,"13. ⑬への理解促進、協力の要請
14. ⑭の取扱い
15. ⑮の公開
16. ⑯の取扱い
17. ⑰との関係遮断、利益供与の禁止
18. 適正な⑱","⑬取引先
⑭情報・システム
⑮情報
⑯知的財産
⑰反社会的勢力
⑱納税と経理処理",
