判定,No.,優先度,カテゴリ,掲載日,タイトル,問題,解答,URL,コメント
,44,中,,2024/5/16,くるぞ、万博。Daigasグループの取り組みに迫る！,"１、バイオガスを活用した「①」
２、「②」の活用で環境価値の見える化
３、ガスパビリオンの膜材料に「③」を採用","①メタネーション実証
②CO2NNEX for e-methane
③SPACECOOL",,
,35,中,大阪・関西万博、広報部,2024/7/18,いくで！万博　ガスパビリオンの現在地 vol.01,大阪ガスが開発したガスパビリオンの全面を覆う「①」とは、世界最高レベルの冷却性能を持つ新素材のこと。直射日光下でもエネルギーを使わずに外気温よりも温度を下げることができる放射冷却素材。,①SPACECOOL,,
,34,中,大阪・関西万博、広報部,2024/8/29,いくで！万博 　Daigasグループの取り組みの“イマ”がわかる！,大阪・関西万博は、大阪「①」で開催し、「②」か国・地域が参加する。テーマは「③」,"①夢洲
②161
③いのち輝く未来社会のデザイン",,
,31,中,サステナビリティ、人事部,2024/9/3,＼まもなく開幕！／ 「ヘルシー7オリンピック’24」で健康になろう！ ～従業員の輝き向上～,Daigasグループでは、「中期経営計画2026」の重点戦略である“従業員の輝き向上”の取り組みのひとつとしても「①」を掲げており、3年ぶりに健康イベント「②」を行った。ヘルシー７オリンピックの項目は、体重・食事・運動・飲酒・禁煙・睡眠・ストレスに口腔衛生を追加した8項目。,"①健康経営の推進
②ヘルシー７オリンピック",URL,
,30,中,DaigasX,2024/9/26,事例動画を見てあなたもチャレンジ！Daigas X加速に向け次のアクションへ,2024年度は「①」「②」「③」の3つの方向性をもとに、各組織や個人がアクションを実践。,"①業務時間の質を高める
②自立性・主体性を高め連携を深める
③柔軟な働き方を実現する",URL,特集記事のまとめのため、問題作成なし
,29,中,大阪・関西万博、広報部,2024/10/31,＼開幕半年前／ 完成間近！ガスパビリオンの現在地 vol.02,ガスパビリオンのコンセプトは、「①」,①化けろ、未来！,URL,でるか？
,28,中,ー,2024/12/4,「人権週間」にあたって,毎年「①●月●日」「人権デー」を最終日とする１週間を「人権週間」と定めている。Daigasグループでは、「ビジネスと人権に関する指導原則」に則り、2021年4月に「Daigasグループ人権方針」において「グループ全体で人権尊重の責任を果たす」ことを宣言した。2024年度Daigasグループ人権啓発スローガンは、「②」,"①12月10日
②　グループ全体で人権尊重の責任を果たす～気づきで仕事を見直そう～",URL,でるか？
,25,高,,2024/12/25,Daigasグループが力を入れる話題の“人的資本”ってなぁに？～大阪ガス初の人的資本レポートを発行??～,大阪ガスは、2018年度から2024年度まで7年連続で「①」に認定されるなど、外部からも高く評価されている。「②」とは、「従業員など企業の一員としての個人が持つ資質や能力を、企業の付加価値を生み出す資本と捉える」考え方のことで、日本においても、2023年3月期以降の有価証券報告書から「②」情報の開示が義務化された。,"①健康経営優良法人　大規模法人部門　ホワイト500
②人的資本",URL,
,24,高,,2024/12/27,最近アツい!? “Daigasグループ”株価の話,Daigas グループの株価は2024年9月3日には「①」円/株と、ここ20年で最高を更新。中期経営計画2026では、将来の持続的な成長を目指しながら「②」還元も強化する方針や、資本効率向上のために、「③」な経営を推進する方針が評価されている。,"①3,624
②株主
③アセットライト",URL,3つのマインドは別でやると思うので、削除
,23,高,,2025/1/17,阪神・淡路大震災から30年?Daigasグループの進化する「レジリエンス力」?,"「①●年●月●日」午前5時46分、淡路島北部を震源とするマグニチュード7.3の地震が発生した。計約86万戸の都市ガス供給を停止。のべ72万人の体制で、約3カ月で無事故復旧作業完遂。
Daigasグループは、阪神・淡路大震災の経験を活かし、「②」「③」「④」を三本柱とし、地震対策を前に進め続けてきた。","①1995年1月17日
②予防対策
③緊急対策
④復旧対策",URL,どんくらい出るもんやろか、でも大切そう。
,22,中,,2025/2/26,2024年度Daigasグループ企業理念 意見交換会レポート 私の仕事×3つのマインド,Daigas グループでは、毎年 10 月を「①」としている。,①グループ企業理念月間,URL,株価は別のとこでも問題つくっていそう
,21,中,,2025/3/12,＼来てや！万博／博覧会協会へ出向中社員が語る万博の魅力,大阪・関西万博2025の象徴ともいえる「①」は、世界最大級の木造建築物！ 全長約2km・建築面積約6万㎡・高さ12m（外側20m）・内径約615mという大きさで、東日本大震災で甚大な被害を受けた福島県浪江町で製材した集成木材が使用されている。,①大屋根リング,URL,人的資本情報→人材育成方針、社内環境整備方針、女性管理職比率等の情報
,20,中,,2025/3/19,＼春季キャンプを突撃／シーズンインした硬式野球部の熱気を動画でお届け！,硬式野球部は、「①」をスローガンに日本一を目指す。,①突覇,URL,
,19,中,大阪・関西万博、広報部,2025/4/9,＼まもなく開幕！／ガスパビリオンの現在地Vol.03,ガスパビリオンおばけワンダーランドは、「①」をつけておばけと一緒に未来に向かって化ける体験ができるエンターテインメントパビリオン。「ミッチー」の声には「鬼滅の刃」我妻善逸役でもおなじみの人気声優「②」さんを起用,"①XRゴーグル
②下野紘",URL,
,14,中,,2025/4/16,皆さんの組織でも変化を感じますか？3年目を迎えたDaigas X,「変わり続けられる会社」を目指し、皆さんの業務や働き方を見直す「①」は3年目を迎えた。2024年度は、「②」年として進め、2025年度は「③」年として活動を進める,"①Daigasトランスフォーメーション（DaigasX)
②各組織・個人がアクションを実践する
③実践を組織全体に広げる",URL,
,15,中,,2025/4/16,～リニューアル後の評価は！？～がす燈に関するアンケート結果のご報告！,大阪ガス広報部は、Daigasグループの情報をタイムリーに伝えるとともに、「①」ため、グループ内の広報活動に取り組んでいます。,①グループ一体感の醸成や活気あふれる風土づくりに貢献する,URL,
,12,中,シンボルスポーツ,2025/4/23,選手の素顔に迫る！～硬式野球部「29のコト」～,硬式野球部監督は「①」,①峰岡　格,URL,特に書くことなかったので、万博の概要を問題にしました
,10,高,カーボンニュートラル,2025/5/12,5分でわかる!? Daigasグループのカーボンニュートラル最前線 前篇 エネトラ2050が出たらしいで！,"「①」では、Daigasグループの2050年までの低・脱炭素化社会に向けた取組をしめした。
CN実現に向けてDaigasグループが大事にしていることは「②」、S安全性を大前提にしつつ、３つのEの中でも供給安定性を最も重視しつつ、環境性・経済性の様々な選択肢をお客様にご提案していく。","①エネルギートランジション2050
②S+3E",URL,
,11,高,カーボンニュートラル,2025/5/12,5分でわかる!? Daigasグループのカーボンニュートラル最前線 前篇 エネトラ2051が出たらしいで！,"熱エネルギーのCN化に向けて、「①」の導入をすすめる。「①」は天然ガスはほぼ同じ成分のため、都市ガス製造設備や、導管網、ガス機器もそのまま使うことができる。
Daigasグループは「①」を2030年に「②」％導入することを目指している。","①e-メタン
②１",URL,特に問題でないと思います
,9,高,120周年,2025/5/19,Daigasグループ120周年！ダイナミックに盛り上げます！,"Daigasグループは、2025年「①」月「②」日に創業「③」周年を迎えます。
Daigasグループ「③」周年のキャッチコピーが「④」に決定！
周年記念CM 楽曲提供アーティストは「⑤」
10周年を迎えるハグミュージアムは、国民的アニメ「⑥」とコラボしたイベントを開催予定","①10
②19
③120
④Dynamic Daigas Group
⑤10-FEET
⑥クレヨンしんちゃん",URL,表彰の紹介だけなので、問題はつくっていません
,5,高,決算,2025/5/29,2024年度決算～徹底解説！グループ経営実績～,"ガス販売実績は、家庭用業務用合わせて、「①」m^3。ガス供給件数は、「②」件とガス自由化以降2年連続で増加（＋1.3％）。
電力販売実績は、家庭用業務用合わせて、「③」kWh。低圧電気供給件数は、「④」件","①6,650百万
②5,114千
③16,982百万
④1,922千",URL,
,6,高,決算,2025/5/29,2024年度決算～徹底解説！グループ経営実績～,「国内エネルギー」のセグメント利益は、原料価格等の変動が販売単価に反映されるまでのタイムラグによる増益影響が縮小したことなどにより、「①減収/増益」となりました。「海外エネルギー」のセグメント利益は、フリーポート LNG プロジェクトの液化基地の操業停止影響などにより、「②減収/増益」となりました。「ライフ＆ビジネス ソリューション」のセグメント利益は、「③減収/増益」となりました。,"①減益
②減益
③減益",URL,
,1,高,カーボンニュートラル,2025/6/10,"後篇公開！ 5分でわかる!? Daigasグループのカーボンニュートラル最前線
",エネルギートランジション2050では、2040年に向けて複数シナリオを想定。①シナリオ、②シナリオ、③シナリオ。このシナリオにおける2040年想定は、CO2排出削減量④トン、CO2排出削減貢献量⑤トン、再エネ普及貢献量⑥kW、ガスCN化率⑦％。,"①革新技術拡大
②技術進展
③低炭素化推進
④1000万トン
⑤1500万トン
⑥1000万トン
⑦40％",URL,執行役員の名前とかでないだろうと予想・・・。
,2,高,カーボンニュートラル,2025/6/10,"後篇公開！ 5分でわかる!? Daigasグループのカーボンニュートラル最前線
","Daigasグループの2030年度再エネ普及貢献量①kWを目指しているが、2025年3月時点ですでに②kWまできている。
CO2をマイナスにしていく③の取り組みも進める。例えば排出したCO2を地下の安定した地層に貯める④、森林を適切に開発・管理することでCO2吸収能力を高める⑤を行う。","①500万kW
②370万kW
③ネガティブエミッション
④CCS
⑤森林吸収",URL,
,45,,,,,,,,
,46,,,,,,,,
,47,,,,,,,,
,48,,,,,,,,
,49,,,,,,,,
,50,,,,,,,,
,51,,,,,,,,
,52,,,,,,,,
,53,,,,,,,,
,54,,,,,,,,
,55,,,,,,,,
,56,,,,,,,,
,57,,,,,,,,
,58,,,,,,,,
,59,,,,,,,,
,60,,,,,,,,
,61,,,,,,,,
,62,,,,,,,,
,63,,,,,,,,
,64,,,,,,,,
,65,,,,,,,,
,66,,,,,,,,
,67,,,,,,,,
,68,,,,,,,,
,69,,,,,,,,
,70,,,,,,,,
,71,,,,,,,,
,72,,,,,,,,
,73,,,,,,,,
,74,,,,,,,,
,75,,,,,,,,
,76,,,,,,,,
,77,,,,,,,,
,78,,,,,,,,
,79,,,,,,,,
,80,,,,,,,,
,81,,,,,,,,
,82,,,,,,,,
,83,,,,,,,,
,84,,,,,,,,
,85,,,,,,,,
,86,,,,,,,,
,87,,,,,,,,
,88,,,,,,,,
,89,,,,,,,,
,90,,,,,,,,
,91,,,,,,,,
,92,,,,,,,,
,93,,,,,,,,
,94,,,,,,,,
,95,,,,,,,,
,96,,,,,,,,
,97,,,,,,,,
,98,,,,,,,,
,99,,,,,,,,
,100,,,,,,,,
,101,,,,,,,,
,102,,,,,,,,
,103,,,,,,,,
,104,,,,,,,,
,105,,,,,,,,
,106,,,,,,,,
,107,,,,,,,,
,108,,,,,,,,
,109,,,,,,,,
,110,,,,,,,,
,111,,,,,,,,
,112,,,,,,,,
,113,,,,,,,,
,114,,,,,,,,
,115,,,,,,,,
,116,,,,,,,,
,117,,,,,,,,
,118,,,,,,,,
,119,,,,,,,,
,120,,,,,,,,
,121,,,,,,,,
,122,,,,,,,,
,123,,,,,,,,
,124,,,,,,,,
,125,,,,,,,,
,126,,,,,,,,
,127,,,,,,,,
,128,,,,,,,,
,129,,,,,,,,
,130,,,,,,,,
,131,,,,,,,,
,132,,,,,,,,
,133,,,,,,,,
,134,,,,,,,,
,135,,,,,,,,
,136,,,,,,,,
,137,,,,,,,,
,138,,,,,,,,
,139,,,,,,,,
,140,,,,,,,,
,141,,,,,,,,
,142,,,,,,,,
,143,,,,,,,,
,144,,,,,,,,
,145,,,,,,,,
,146,,,,,,,,
,147,,,,,,,,
,148,,,,,,,,
,149,,,,,,,,
,150,,,,,,,,
,151,,,,,,,,
,152,,,,,,,,
,153,,,,,,,,
,154,,,,,,,,
,155,,,,,,,,
,156,,,,,,,,
,157,,,,,,,,
,158,,,,,,,,
,159,,,,,,,,
,160,,,,,,,,
,,,,,,,,,
,,,,,,,,,
,,,,,,,,,
,,,,,,,,,
,,,,,,,,,
,,,,,,,,,
,,,,,,,,,
,,,,,,,,,
,,,,,,,,,
,,,,,,,,,
,,,,,,,,,
,,,,,,,,,
,,,,,,,,,
